{
  "2023-01": 58.1031434572556,
  "2023-03": 57.98047354311281,
  "2023-04": 57.624539340221524,
  "2023-05": 58.520685102767594,
  "2023-06": 58.024339526128614,
  "2023-07": 56.92373588673389,
  "2023-08": 56.85765352348769,
  "2023-09": 57.63349803818883,
  "2023-10": 58.38677048930361,
  "2023-11": 59.2408803094527,
  "2023-12": 60.10507571564286,
  "2024-01": 58.96987452631335,
  "2024-02": 59.263447620218436,
  "2024-03": 59.088157405799556,
  "2024-04": 60.19616237857114,
  "2024-05": 60.69818911849169,
  "2024-06": 60.14948397340885,
  "2024-07": 59.6486130276601,
  "2024-08": 59.5627979355192,
  "2024-09": 58.64658175841429,
  "2024-10": 58.77096264294071,
  "2024-11": 59.701891314532126,
  "2024-12": 59.99434740811614,
  "2025-01": 60.683328538048606,
  "2025-02": 61.394550658534286,
  "2025-03": 60.84298168772838,
  "2025-04": 62.01218984051166,
  "2025-05": 63.203329101021076,
  "2025-06": 63.04762421431693,
  "2025-07": 61.93094986057325,
  "2025-08": 61.318285536896234,
  "2025-09": 62.20612348685389,
  "2025-10": 61.566179114854734,
  "2025-11": 61.08692010809619
}