{
  "2023-01": 30.886170626597334,
  "2023-03": 30.646369821207735,
  "2023-04": 30.09857853371441,
  "2023-05": 29.885515162257008,
  "2023-06": 30.042425769541985,
  "2023-07": 29.791605787225528,
  "2023-08": 29.536854462538333,
  "2023-09": 29.167383871078545,
  "2023-10": 29.70894030839902,
  "2023-11": 29.12232880974773,
  "2023-12": 29.245980534027687,
  "2024-01": 29.614057045327495,
  "2024-02": 29.34676813286451,
  "2024-03": 29.668575758415383,
  "2024-04": 30.20406605721977,
  "2024-05": 29.60078824395677,
  "2024-06": 29.93605775692724,
  "2024-07": 29.485547277500128,
  "2024-08": 29.302606164877115,
  "2024-09": 29.060839803900098,
  "2024-10": 28.861689676074995,
  "2024-11": 28.63211668228597,
  "2024-12": 28.73632382153841,
  "2025-01": 28.363522097831027,
  "2025-02": 28.110671412582526,
  "2025-03": 27.59467307322071,
  "2025-04": 27.723194896535095,
  "2025-05": 27.758615648259102,
  "2025-06": 28.299535454430448,
  "2025-07": 28.78911636107798,
  "2025-08": 29.19356554469406,
  "2025-09": 29.771860169083162,
  "2025-10": 29.268165304250587,
  "2025-11": 29.50071407529418
}