{
  "2023-01": 72.39476680445911,
  "2023-03": 72.85533068349953,
  "2023-04": 72.76514332052729,
  "2023-05": 72.4258516000834,
  "2023-06": 71.25770135357416,
  "2023-07": 72.47846934745928,
  "2023-08": 72.60133414992181,
  "2023-09": 74.00848040393247,
  "2023-10": 73.32913582117443,
  "2023-11": 74.23768212904838,
  "2023-12": 74.21789403402204,
  "2024-01": 73.47960000529227,
  "2024-02": 74.34066638284574,
  "2024-03": 75.68851196807312,
  "2024-04": 74.43449759337076,
  "2024-05": 74.64352201934597,
  "2024-06": 73.22452267484456,
  "2024-07": 72.32478297865688,
  "2024-08": 71.83295590083459,
  "2024-09": 72.52304831798443,
  "2024-10": 71.68435781103955,
  "2024-11": 70.33424292724709,
  "2024-12": 70.04273721770433,
  "2025-01": 69.24972177026675,
  "2025-02": 67.91001714947978,
  "2025-03": 67.38904078752462,
  "2025-04": 66.07316840811478,
  "2025-05": 65.24478030442977,
  "2025-06": 64.78735833614556,
  "2025-07": 65.80519176021191,
  "2025-08": 64.90038164088466,
  "2025-09": 65.95661396606477,
  "2025-10": 64.95060653138273,
  "2025-11": 65.35489280053412
}