{
  "2023-01": 67.78224149627052,
  "2023-03": 67.0828565073004,
  "2023-04": 65.89092812081006,
  "2023-05": 63.444688395898424,
  "2023-06": 63.44594237372518,
  "2023-07": 62.43478765422821,
  "2023-08": 62.27602572280769,
  "2023-09": 61.80703311278773,
  "2023-10": 62.82416877859123,
  "2023-11": 61.98006184580389,
  "2023-12": 61.25602344651324,
  "2024-01": 62.151746568475396,
  "2024-02": 61.15638509017475,
  "2024-03": 60.967141143753565,
  "2024-04": 62.04499080434592,
  "2024-05": 61.82899101806028,
  "2024-06": 61.90601456106366,
  "2024-07": 62.20572824687174,
  "2024-08": 61.25913757426961,
  "2024-09": 60.53740467408279,
  "2024-10": 61.4678325067211,
  "2024-11": 62.64121967295963,
  "2024-12": 62.6119313757057,
  "2025-01": 62.82065487157725,
  "2025-02": 61.56891109345435,
  "2025-03": 62.236152922395455,
  "2025-04": 61.309515804216915,
  "2025-05": 60.894397931014645,
  "2025-06": 60.44970141466643,
  "2025-07": 59.904034986248575,
  "2025-08": 59.286119388014214,
  "2025-09": 58.17909735369203,
  "2025-10": 58.0461738106754,
  "2025-11": 59.00780556322785
}