{
  "2023-01": 25.0668980727296,
  "2023-03": 24.815900579712903,
  "2023-04": 24.772735935560895,
  "2023-05": 24.530891656426014,
  "2023-06": 24.98604943700456,
  "2023-07": 25.239560206271346,
  "2023-08": 25.020253934156155,
  "2023-09": 25.042673763715854,
  "2023-10": 25.489701239343766,
  "2023-11": 25.794765055015862,
  "2023-12": 26.171014774073793,
  "2024-01": 26.147012401663947,
  "2024-02": 25.933238741566964,
  "2024-03": 25.829948651651865,
  "2024-04": 25.677682445435636,
  "2024-05": 26.139173866291088,
  "2024-06": 26.272390686862618,
  "2024-07": 26.298482724215365,
  "2024-08": 26.58639785019203,
  "2024-09": 26.68276039708037,
  "2024-10": 26.71496934943678,
  "2024-11": 26.717071531331378,
  "2024-12": 26.61078337983426,
  "2025-01": 26.39026360839692,
  "2025-02": 26.538416595623502,
  "2025-03": 26.331905640855755,
  "2025-04": 25.987651846295844,
  "2025-05": 26.49961911416751,
  "2025-06": 26.11177759628757,
  "2025-07": 25.94464913950881,
  "2025-08": 25.541827548874416,
  "2025-09": 25.602050990119434,
  "2025-10": 26.000998222790003,
  "2025-11": 26.343625278591478
}