{
  "2023-01": 73.46770586199246,
  "2023-03": 74.19693619418794,
  "2023-04": 74.5387736925289,
  "2023-05": 75.90264244443053,
  "2023-06": 74.38974241835464,
  "2023-07": 74.2001375331885,
  "2023-08": 73.12534240837898,
  "2023-09": 73.08743880378188,
  "2023-10": 72.52108073192869,
  "2023-11": 73.66413879225645,
  "2023-12": 75.02725761669927,
  "2024-01": 75.6751534122384,
  "2024-02": 76.56966992602867,
  "2024-03": 76.56121260380777,
  "2024-04": 75.44164493227711,
  "2024-05": 74.5704736825153,
  "2024-06": 74.71404497255006,
  "2024-07": 75.44612603459227,
  "2024-08": 75.5837763197252,
  "2024-09": 76.69998831802643,
  "2024-10": 77.60982379858122,
  "2024-11": 78.6505702982377,
  "2024-12": 77.63036924494972,
  "2025-01": 78.32955339483335,
  "2025-02": 78.44648387365574,
  "2025-03": 79.55854442042374,
  "2025-04": 78.85904372025745,
  "2025-05": 78.46612951665256,
  "2025-06": 78.71561715585337,
  "2025-07": 79.6120222026971,
  "2025-08": 78.32582860298761,
  "2025-09": 78.41319481119861,
  "2025-10": 77.5518007857289,
  "2025-11": 76.64946606364423
}