{
  "2023-01": 32.86639454848396,
  "2023-03": 32.61145839621506,
  "2023-04": 32.46241741254056,
  "2023-05": 31.94309212812518,
  "2023-06": 31.66901726059614,
  "2023-07": 31.926904193124344,
  "2023-08": 32.42153012434557,
  "2023-09": 32.52396990621755,
  "2023-10": 32.61102926165179,
  "2023-11": 32.99697422673784,
  "2023-12": 32.77992300484064,
  "2024-01": 32.70845105905419,
  "2024-02": 32.33354276938668,
  "2024-03": 32.61073406079568,
  "2024-04": 33.00582626003472,
  "2024-05": 33.471037430680454,
  "2024-06": 33.77821668435138,
  "2024-07": 33.33621825057422,
  "2024-08": 32.88071901760508,
  "2024-09": 32.95207241580354,
  "2024-10": 33.40963773276693,
  "2024-11": 33.35687670191372,
  "2024-12": 32.8388045928043,
  "2025-01": 32.210288350046405,
  "2025-02": 32.74780417646716,
  "2025-03": 32.848976731617526,
  "2025-04": 32.273847057799216,
  "2025-05": 32.359469821679674,
  "2025-06": 32.191704476925494,
  "2025-07": 32.28683910308992,
  "2025-08": 32.60239949713514,
  "2025-09": 32.138373194194074,
  "2025-10": 32.49209890569248,
  "2025-11": 32.84388645303675
}