{
  "2023-01": 37.53385553181539,
  "2023-03": 37.820862871697514,
  "2023-04": 37.11730239922081,
  "2023-05": 37.97371766186463,
  "2023-06": 38.571883101543335,
  "2023-07": 39.06975166121917,
  "2023-08": 38.64761246249357,
  "2023-09": 39.384238884270744,
  "2023-10": 39.92905089662554,
  "2023-11": 39.25640334542928,
  "2023-12": 39.68002757924709,
  "2024-01": 38.972087027889664,
  "2024-02": 38.5539243340289,
  "2024-03": 37.78484512047476,
  "2024-04": 37.88426782024937,
  "2024-05": 37.53961383249251,
  "2024-06": 36.91865112111011,
  "2024-07": 37.52035874128809,
  "2024-08": 37.48713748069891,
  "2024-09": 38.195320474226186,
  "2024-10": 37.63165767252141,
  "2024-11": 38.19010712682722,
  "2024-12": 37.59305486289895,
  "2025-01": 37.86698939874096,
  "2025-02": 37.338127781190884,
  "2025-03": 37.58532063361338,
  "2025-04": 37.229876201934715,
  "2025-05": 36.89279546747731,
  "2025-06": 37.096945909801235,
  "2025-07": 37.78182949991195,
  "2025-08": 37.50623767540701,
  "2025-09": 37.02236408256724,
  "2025-10": 37.12496438629931,
  "2025-11": 37.406148585569454
}