{
  "2023-01": 79.0522171542674,
  "2023-03": 78.65361323669657,
  "2023-04": 77.51720493724999,
  "2023-05": 76.21014710312015,
  "2023-06": 74.73296196849759,
  "2023-07": 73.58891247969898,
  "2023-08": 74.08121887670681,
  "2023-09": 73.9539695328221,
  "2023-10": 73.15806096815513,
  "2023-11": 71.74464419820748,
  "2023-12": 71.78050176681995,
  "2024-01": 70.84977424341692,
  "2024-02": 69.47921677194657,
  "2024-03": 69.18150213487041,
  "2024-04": 67.95994938190752,
  "2024-05": 68.6402751970447,
  "2024-06": 68.51139951893407,
  "2024-07": 67.67481870844368,
  "2024-08": 68.00281738286219,
  "2024-09": 67.0922953880508,
  "2024-10": 66.56043301230669,
  "2024-11": 66.14129906325938,
  "2024-12": 66.5703361772803,
  "2025-01": 65.83260056341233,
  "2025-02": 64.80696953837192,
  "2025-03": 63.946181451204204,
  "2025-04": 62.814442261081695,
  "2025-05": 63.741449460476986,
  "2025-06": 64.93593037150981,
  "2025-07": 66.16011963991063,
  "2025-08": 65.66564491820542,
  "2025-09": 66.27884367791933,
  "2025-10": 65.78258293997867,
  "2025-11": 65.86718179466371
}