{
  "2023-01": 16.245666568590117,
  "2023-03": 16.16207961414299,
  "2023-04": 15.978230676814983,
  "2023-05": 15.915930793315214,
  "2023-06": 15.622047261268749,
  "2023-07": 15.469772166826857,
  "2023-08": 15.519431077231282,
  "2023-09": 15.398125980578657,
  "2023-10": 15.35133438562526,
  "2023-11": 15.525339367948881,
  "2023-12": 15.229943801258205,
  "2024-01": 15.474712310078987,
  "2024-02": 15.623220825078002,
  "2024-03": 15.579302040898035,
  "2024-04": 15.316415962980386,
  "2024-05": 15.32058829676471,
  "2024-06": 15.106160995916586,
  "2024-07": 14.975803164141146,
  "2024-08": 14.739050834198226,
  "2024-09": 14.717946329563116,
  "2024-10": 14.817418391306667,
  "2024-11": 14.925160396296928,
  "2024-12": 15.054886701271084,
  "2025-01": 14.884602189315023,
  "2025-02": 14.6474067656119,
  "2025-03": 14.363818274481629,
  "2025-04": 14.484874396776831,
  "2025-05": 14.722121573397278,
  "2025-06": 14.901277922514296,
  "2025-07": 14.638629083553818,
  "2025-08": 14.737366498098675,
  "2025-09": 14.956495168427862,
  "2025-10": 15.158805850478426,
  "2025-11": 15.38875464448422
}