{
  "2023-01": 35.491567176137565,
  "2023-03": 35.55643004384236,
  "2023-04": 35.16579849467929,
  "2023-05": 34.96879306125477,
  "2023-06": 34.806605932258215,
  "2023-07": 34.124415824099486,
  "2023-08": 33.621693731468554,
  "2023-09": 33.52941795715624,
  "2023-10": 33.525174714011975,
  "2023-11": 34.099309639271766,
  "2023-12": 33.80266994777749,
  "2024-01": 34.30274338227678,
  "2024-02": 34.439761332879115,
  "2024-03": 34.71372849099337,
  "2024-04": 35.21757751970797,
  "2024-05": 35.30520744460034,
  "2024-06": 34.82756304513467,
  "2024-07": 35.43429290128623,
  "2024-08": 35.15881834439834,
  "2024-09": 35.73051820224542,
  "2024-10": 35.86137167745275,
  "2024-11": 36.42841715854419,
  "2024-12": 36.783702932491146,
  "2025-01": 36.52792445660337,
  "2025-02": 36.402630181487275,
  "2025-03": 36.48279351713437,
  "2025-04": 35.9776378726469,
  "2025-05": 36.64240641131903,
  "2025-06": 37.339740725506694,
  "2025-07": 36.95216940178091,
  "2025-08": 37.0933099625893,
  "2025-09": 36.66196963114178,
  "2025-10": 37.38932703531333,
  "2025-11": 37.00163097474757
}