{
  "2023-01": 18.780846363814913,
  "2023-03": 19.04673986773338,
  "2023-04": 18.877407392732373,
  "2023-05": 18.481197152097675,
  "2023-06": 18.542774062552393,
  "2023-07": 18.188962402488794,
  "2023-08": 18.485046149930096,
  "2023-09": 18.723419622210717,
  "2023-10": 18.975043134562902,
  "2023-11": 19.249292195500633,
  "2023-12": 19.11265774559007,
  "2024-01": 19.415074909157216,
  "2024-02": 19.52872095324615,
  "2024-03": 19.209000516165773,
  "2024-04": 19.483623921018037,
  "2024-05": 19.460375222671484,
  "2024-06": 19.42810471992565,
  "2024-07": 19.350797988553953,
  "2024-08": 19.46469532437234,
  "2024-09": 19.140160600557152,
  "2024-10": 19.413785612572834,
  "2024-11": 19.53732271117243,
  "2024-12": 19.643774381082753,
  "2025-01": 19.31901524173247,
  "2025-02": 19.358564722605767,
  "2025-03": 19.00314804868209,
  "2025-04": 18.67456002777244,
  "2025-05": 18.33618164018191,
  "2025-06": 18.050117254447297,
  "2025-07": 17.95051923558572,
  "2025-08": 18.072459567877743,
  "2025-09": 17.969722575010397,
  "2025-10": 17.67170296554885,
  "2025-11": 17.324316003642533
}