{
  "2023-01": 28.850381293640652,
  "2023-03": 29.29967167448193,
  "2023-04": 29.73409248801439,
  "2023-05": 29.122467164378747,
  "2023-06": 29.272252882732467,
  "2023-07": 29.64873469776685,
  "2023-08": 29.484944943031046,
  "2023-09": 30.023589250031723,
  "2023-10": 30.367284587898478,
  "2023-11": 29.87515989429362,
  "2023-12": 30.13079110344434,
  "2024-01": 30.061351692735364,
  "2024-02": 30.4045795035593,
  "2024-03": 30.58978020765427,
  "2024-04": 30.28619341361798,
  "2024-05": 30.331010281735125,
  "2024-06": 30.14154295336572,
  "2024-07": 29.993793046337686,
  "2024-08": 30.22642991056618,
  "2024-09": 30.22964797939576,
  "2024-10": 29.893291365545696,
  "2024-11": 29.457082228134176,
  "2024-12": 29.651133482387603,
  "2025-01": 29.544039023282103,
  "2025-02": 29.3242568551295,
  "2025-03": 29.906023821894838,
  "2025-04": 30.103376196390712,
  "2025-05": 30.040961739719343,
  "2025-06": 29.751097650869227,
  "2025-07": 29.724699986374766,
  "2025-08": 29.58466152883996,
  "2025-09": 29.720332274689294,
  "2025-10": 29.63336836813651,
  "2025-11": 30.174975495969385
}