{
  "2023-01": 37.256411146680406,
  "2023-03": 36.67053008727578,
  "2023-04": 36.429782585627734,
  "2023-05": 37.37851193011155,
  "2023-06": 36.8952595118954,
  "2023-07": 36.75464964925682,
  "2023-08": 36.45211405435586,
  "2023-09": 37.14456896937868,
  "2023-10": 37.04084939737673,
  "2023-11": 36.50198973445609,
  "2023-12": 36.07250450720393,
  "2024-01": 35.42815721813858,
  "2024-02": 34.94520824758292,
  "2024-03": 34.814040474590506,
  "2024-04": 34.398956865186214,
  "2024-05": 34.86588191790472,
  "2024-06": 34.6664073296997,
  "2024-07": 35.355972054399466,
  "2024-08": 35.262442659119415,
  "2024-09": 35.89280276532472,
  "2024-10": 35.30057437714788,
  "2024-11": 35.59667022323595,
  "2024-12": 35.150085777323646,
  "2025-01": 35.778832313755565,
  "2025-02": 35.255123435499186,
  "2025-03": 35.85139574321638,
  "2025-04": 36.18229677384308,
  "2025-05": 36.666986309601874,
  "2025-06": 36.54629222674338,
  "2025-07": 36.0407791375037,
  "2025-08": 35.923086462730154,
  "2025-09": 35.90918022898798,
  "2025-10": 35.945628570197236,
  "2025-11": 36.434416359302084
}