{
  "2023-01": 19.070658987111702,
  "2023-03": 18.77528388051313,
  "2023-04": 18.53108108004392,
  "2023-05": 18.302406968907594,
  "2023-06": 18.266245856220547,
  "2023-07": 18.399808044225228,
  "2023-08": 18.212511913217526,
  "2023-09": 18.477364526968767,
  "2023-10": 18.475414597710625,
  "2023-11": 18.38529808888574,
  "2023-12": 18.46864280928251,
  "2024-01": 18.78855494185396,
  "2024-02": 18.94382393289029,
  "2024-03": 18.863916239892756,
  "2024-04": 18.913641113037507,
  "2024-05": 18.86132693650096,
  "2024-06": 18.49222696391554,
  "2024-07": 18.70808493991581,
  "2024-08": 18.410398626206973,
  "2024-09": 18.546149364824963,
  "2024-10": 18.52208764715226,
  "2024-11": 18.36922869726701,
  "2024-12": 18.288760871809078,
  "2025-01": 18.251788573366238,
  "2025-02": 18.54883846449785,
  "2025-03": 18.73410470463254,
  "2025-04": 18.470024060628333,
  "2025-05": 18.437099181195045,
  "2025-06": 18.392141444278245,
  "2025-07": 18.5472187113312,
  "2025-08": 18.80702726713396,
  "2025-09": 18.697921563022067,
  "2025-10": 18.419080223336152,
  "2025-11": 18.527900037020963
}