{
  "2023-01": 10.747900988253669,
  "2023-03": 10.88904396320274,
  "2023-04": 10.839865007670275,
  "2023-05": 11.163198294072695,
  "2023-06": 11.156843286913919,
  "2023-07": 11.066287320634999,
  "2023-08": 10.986858554465401,
  "2023-09": 10.93257842316664,
  "2023-10": 10.872830523290952,
  "2023-11": 11.008222648149207,
  "2023-12": 11.177774543368642,
  "2024-01": 11.354499289963833,
  "2024-02": 11.494239655413024,
  "2024-03": 11.382128770714008,
  "2024-04": 11.205702415558306,
  "2024-05": 11.275267778581105,
  "2024-06": 11.21587061468483,
  "2024-07": 11.277853147068505,
  "2024-08": 11.305489036554345,
  "2024-09": 11.11290485874832,
  "2024-10": 11.071389862495023,
  "2024-11": 11.074127187614044,
  "2024-12": 11.099740773301086,
  "2025-01": 11.094915623202482,
  "2025-02": 11.147402433186922,
  "2025-03": 11.360748407630792,
  "2025-04": 11.162136248665826,
  "2025-05": 11.138032719614456,
  "2025-06": 11.147199358027153,
  "2025-07": 11.145304346552871,
  "2025-08": 11.213482510860928,
  "2025-09": 11.386027337854483,
  "2025-10": 11.31105304035071,
  "2025-11": 11.111848333427464
}