{
  "2023-01": 78.41222362934782,
  "2023-03": 78.28513640126646,
  "2023-04": 79.02856172445605,
  "2023-05": 79.26043401872217,
  "2023-06": 78.00020317986305,
  "2023-07": 78.72510396125392,
  "2023-08": 79.87727713124337,
  "2023-09": 80.45807402917798,
  "2023-10": 80.02365487800695,
  "2023-11": 79.14534896186387,
  "2023-12": 78.45627959178135,
  "2024-01": 77.40511133966963,
  "2024-02": 76.90139308582616,
  "2024-03": 77.26427288112455,
  "2024-04": 77.44404696169251,
  "2024-05": 78.79872243811087,
  "2024-06": 79.7241321983432,
  "2024-07": 79.8729202487294,
  "2024-08": 80.25197994515621,
  "2024-09": 79.63311849024021,
  "2024-10": 79.62005553050001,
  "2024-11": 78.18212293531433,
  "2024-12": 77.34594514225147,
  "2025-01": 78.54178785942815,
  "2025-02": 78.43670204578949,
  "2025-03": 78.01774356570593,
  "2025-04": 79.07069284873761,
  "2025-05": 79.87447131532898,
  "2025-06": 78.7111048986222,
  "2025-07": 77.3735036508152,
  "2025-08": 75.84151301537582,
  "2025-09": 74.67824795838445,
  "2025-10": 74.74864229175492,
  "2025-11": 75.80555978178708
}