{
  "2023-01": 70.9577733583434,
  "2023-03": 70.54501075734966,
  "2023-04": 71.76688018624016,
  "2023-05": 72.06884873007661,
  "2023-06": 70.9882210791948,
  "2023-07": 70.99758165236334,
  "2023-08": 69.74671033121986,
  "2023-09": 68.66289971045974,
  "2023-10": 69.12909495747249,
  "2023-11": 70.43270252650395,
  "2023-12": 70.81583956568589,
  "2024-01": 70.34543420958536,
  "2024-02": 70.21743249392398,
  "2024-03": 69.42697612885522,
  "2024-04": 69.83048080982182,
  "2024-05": 69.50683149272972,
  "2024-06": 69.70887070153232,
  "2024-07": 70.08738915226198,
  "2024-08": 68.96006129841773,
  "2024-09": 70.06891548385319,
  "2024-10": 70.66408126163778,
  "2024-11": 69.91816198445633,
  "2024-12": 68.9134626906591,
  "2025-01": 68.0650742395899,
  "2025-02": 67.70006829227525,
  "2025-03": 66.9010131455468,
  "2025-04": 68.05877924463108,
  "2025-05": 68.94579197698913,
  "2025-06": 69.4216262482289,
  "2025-07": 70.24546651158437,
  "2025-08": 70.55245693978476,
  "2025-09": 69.54258587017546,
  "2025-10": 69.24003264914533,
  "2025-11": 69.27394906975215
}