{
  "2023-01": 50.917112400470515,
  "2023-03": 50.545964869475455,
  "2023-04": 51.25640922002993,
  "2023-05": 52.57187982454497,
  "2023-06": 53.45068238656017,
  "2023-07": 53.054259578842,
  "2023-08": 52.50573461415844,
  "2023-09": 51.82342672665793,
  "2023-10": 52.20830840584046,
  "2023-11": 52.898508899665885,
  "2023-12": 52.33596092848725,
  "2024-01": 51.956301350514515,
  "2024-02": 52.97458127256204,
  "2024-03": 52.10354525073357,
  "2024-04": 52.209086777637,
  "2024-05": 51.81309655979471,
  "2024-06": 51.05660145091743,
  "2024-07": 50.9273068787578,
  "2024-08": 51.12137206722752,
  "2024-09": 50.275775696177305,
  "2024-10": 50.88684246151275,
  "2024-11": 49.941754610388216,
  "2024-12": 49.0573456861876,
  "2025-01": 49.17493536852271,
  "2025-02": 48.46866163250059,
  "2025-03": 48.532679083089796,
  "2025-04": 48.3454017510862,
  "2025-05": 48.76576551632228,
  "2025-06": 49.26864571039768,
  "2025-07": 48.64242366656244,
  "2025-08": 48.70557948777042,
  "2025-09": 48.064122031176716,
  "2025-10": 47.9792355433385,
  "2025-11": 47.67415745365197
}