{
  "2023-01": 44.78430523440121,
  "2023-03": 44.808951146611946,
  "2023-04": 45.191974889184515,
  "2023-05": 46.480630238399044,
  "2023-06": 45.709352107406325,
  "2023-07": 45.183855120042,
  "2023-08": 44.516479135579,
  "2023-09": 45.30376779598894,
  "2023-10": 44.47555887342277,
  "2023-11": 44.127194267872405,
  "2023-12": 44.49750166174184,
  "2024-01": 44.29091720374774,
  "2024-02": 43.812851604572614,
  "2024-03": 43.75075606202209,
  "2024-04": 43.94213094911955,
  "2024-05": 44.20449114708187,
  "2024-06": 44.70613581699584,
  "2024-07": 44.703444249017075,
  "2024-08": 44.55091867369668,
  "2024-09": 44.02503052355661,
  "2024-10": 44.01600136567443,
  "2024-11": 44.10430384240712,
  "2024-12": 44.978525641347254,
  "2025-01": 45.592085968514276,
  "2025-02": 45.68879799250428,
  "2025-03": 45.23453729822228,
  "2025-04": 45.35325660439093,
  "2025-05": 45.974386013396455,
  "2025-06": 45.591907653716156,
  "2025-07": 46.050152461590535,
  "2025-08": 45.73650054332901,
  "2025-09": 45.392571402430264,
  "2025-10": 45.63843263113443,
  "2025-11": 46.149863775157606
}